Metric,Value
MAE,1742.0251625213734
RMSE,4617.372036914454
R2,0.8932655593668614
RowsTested,70604.0
Seconds,251.87
